{
  "visState": "{\"type\":\"metric\",\"params\":{\"fontSize\":\"40\",\"spyPerPage\":10},\"aggs\":[{\"id\":\"2\",\"type\":\"count\",\"schema\":\"metric\",\"params\":{}}],\"listeners\":{},\"title\":\"Total Requests\"}", 
  "description": "", 
  "title": "Total Requests", 
  "uiStateJSON": "{}", 
  "version": 1, 
  "kibanaSavedObjectMeta": {
    "searchSourceJSON": "{\"index\":\"nginx_elastic_stack_example\",\"query\":{\"query_string\":{\"query\":\"*\",\"analyze_wildcard\":true}},\"filter\":[]}"
  }
}