{
  "hits": 0, 
  "timeFrom": "2015-05-10T19:10:56.990Z", 
  "timeRestore": true, 
  "description": "", 
  "title": "Sample Dashboard for Nginx Logs", 
  "uiStateJSON": "{}", 
  "panelsJSON": "[{\"col\":7,\"id\":\"Traffic-by-Country-ampersand-OS\",\"row\":5,\"size_x\":6,\"size_y\":4,\"type\":\"visualization\"},{\"col\":4,\"id\":\"Traffic-vs.-Location\",\"row\":1,\"size_x\":9,\"size_y\":4,\"type\":\"visualization\"},{\"col\":1,\"id\":\"Unique-Visits\",\"row\":5,\"size_x\":3,\"size_y\":2,\"type\":\"visualization\"},{\"col\":1,\"id\":\"Non-200-Response-Code-vs.-Time\",\"row\":13,\"size_x\":12,\"size_y\":4,\"type\":\"visualization\"},{\"col\":4,\"id\":\"Total-Requests-by-City\",\"row\":5,\"size_x\":3,\"size_y\":4,\"type\":\"visualization\"},{\"col\":1,\"id\":\"Total-Requests\",\"row\":7,\"size_x\":3,\"size_y\":2,\"type\":\"visualization\"},{\"col\":1,\"id\":\"Bytes-vs.-Time\",\"row\":9,\"size_x\":12,\"size_y\":4,\"type\":\"visualization\"},{\"col\":1,\"id\":\"Nginx-Dashboard\",\"row\":1,\"size_x\":3,\"size_y\":4,\"type\":\"visualization\"}]", 
  "timeTo": "2015-06-10T19:10:56.990Z", 
  "optionsJSON": "{\"darkTheme\":false}", 
  "version": 1, 
  "kibanaSavedObjectMeta": {
    "searchSourceJSON": "{\"filter\":[{\"query\":{\"query_string\":{\"analyze_wildcard\":true,\"query\":\"*\"}}}]}"
  }
}