[
  {
    "_id": "Sample-Dashboard-for-Nginx-(JSON)-Logs",
    "_type": "dashboard",
    "_source": {
      "title": "Sample Dashboard for Nginx (JSON) Logs",
      "hits": 0,
      "description": "",
      "panelsJSON": "[{\"col\":4,\"id\":\"Traffic-vs.-Location-json\",\"panelIndex\":2,\"row\":1,\"size_x\":9,\"size_y\":4,\"type\":\"visualization\"},{\"col\":1,\"id\":\"Unique-Visits-json\",\"panelIndex\":3,\"row\":5,\"size_x\":3,\"size_y\":2,\"type\":\"visualization\"},{\"col\":1,\"id\":\"Non-200-Response-Code-vs.-Time-json\",\"panelIndex\":4,\"row\":13,\"size_x\":12,\"size_y\":4,\"type\":\"visualization\"},{\"col\":4,\"id\":\"Total-Requests-by-City-json\",\"panelIndex\":5,\"row\":5,\"size_x\":3,\"size_y\":4,\"type\":\"visualization\"},{\"col\":1,\"id\":\"Total-Requests-json\",\"panelIndex\":6,\"row\":7,\"size_x\":3,\"size_y\":2,\"type\":\"visualization\"},{\"col\":1,\"id\":\"Bytes-vs.-Time-json\",\"panelIndex\":7,\"row\":9,\"size_x\":12,\"size_y\":4,\"type\":\"visualization\"},{\"col\":1,\"id\":\"Nginx-Dashboard-json\",\"panelIndex\":8,\"row\":1,\"size_x\":3,\"size_y\":4,\"type\":\"visualization\"},{\"col\":7,\"id\":\"Traffic-by-Country-ampersand-OS\",\"panelIndex\":9,\"row\":5,\"size_x\":6,\"size_y\":4,\"type\":\"visualization\"}]",
      "optionsJSON": "{\"darkTheme\":false}",
      "uiStateJSON": "{\"P-5\":{\"vis\":{\"params\":{\"sort\":{\"columnIndex\":null,\"direction\":null}}}}}",
      "version": 1,
      "timeRestore": true,
      "timeTo": "2015-06-10T19:10:56.990Z",
      "timeFrom": "2015-05-10T19:10:56.990Z",
      "refreshInterval": {
        "display": "Off",
        "pause": false,
        "value": 0
      },
      "kibanaSavedObjectMeta": {
        "searchSourceJSON": "{\"filter\":[{\"query\":{\"query_string\":{\"analyze_wildcard\":true,\"query\":\"*\"}}}]}"
      }
    }
  },
  {
    "_id": "Nginx-Dashboard-json",
    "_type": "visualization",
    "_source": {
      "title": "Nginx Dashboard",
      "visState": "{\"type\":\"markdown\",\"params\":{\"markdown\":\"#### Sample Dashboard for Nginx logs\\nSimple dashboard for exploring & visualizing web traffic by analyzing nginx logs. This dashboard is included as a part of the [Getting Started with ELK](https://github.com/asawariS/test/tree/master/nginx) repo on Github.\\n\\n**Example visualizations in the dashboard include:**\\n* Number of total & unique visitors \\n* Map show web traffic from various locations\\n* Pie chart of traffic by operating systems\\n\\nFeel free to explore & modify the dashboards to your hearts content. Ask questions, test hypothesis, diagnose issues!\\n\\n**Happy exploration!!!**\"},\"aggs\":[],\"listeners\":{},\"title\":\"Nginx Dashboard\"}",
      "uiStateJSON": "{}",
      "description": "",
      "version": 1,
      "kibanaSavedObjectMeta": {
        "searchSourceJSON": "{\"query\":{\"query_string\":{\"query\":\"*\",\"analyze_wildcard\":true}},\"filter\":[]}"
      }
    }
  },
  {
    "_id": "Traffic-vs.-Location-json",
    "_type": "visualization",
    "_source": {
      "title": "Traffic vs. Location",
      "visState": "{\"type\":\"tile_map\",\"params\":{\"mapType\":\"Scaled Circle Markers\",\"isDesaturated\":true,\"heatMaxZoom\":16,\"heatMinOpacity\":0.1,\"heatRadius\":25,\"heatBlur\":15,\"heatNormalizeData\":true,\"addTooltip\":true},\"aggs\":[{\"id\":\"1\",\"type\":\"count\",\"schema\":\"metric\",\"params\":{}},{\"id\":\"2\",\"type\":\"geohash_grid\",\"schema\":\"segment\",\"params\":{\"field\":\"geoip.location\",\"autoPrecision\":true,\"mapZoom\":2,\"mapCenter\":[11.523087506868514,9.4921875],\"precision\":2}}],\"listeners\":{},\"title\":\"Traffic vs. Location\"}",
      "uiStateJSON": "{}",
      "description": "",
      "version": 1,
      "kibanaSavedObjectMeta": {
        "searchSourceJSON": "{\"index\":\"nginx_json_elastic_stack_example\",\"query\":{\"query_string\":{\"query\":\"*\",\"analyze_wildcard\":true}},\"filter\":[]}"
      }
    }
  },
  {
    "_id": "Non-200-Response-Code-vs.-Time-json",
    "_type": "visualization",
    "_source": {
      "title": "Non 200 Response Code vs. Time",
      "visState": "{\"type\":\"histogram\",\"params\":{\"shareYAxis\":true,\"addTooltip\":true,\"addLegend\":true,\"scale\":\"linear\",\"mode\":\"stacked\",\"times\":[],\"addTimeMarker\":false,\"defaultYExtents\":false,\"setYExtents\":false,\"yAxis\":{}},\"aggs\":[{\"id\":\"1\",\"type\":\"count\",\"schema\":\"metric\",\"params\":{}},{\"id\":\"2\",\"type\":\"date_histogram\",\"schema\":\"segment\",\"params\":{\"field\":\"@timestamp\",\"interval\":\"d\",\"customInterval\":\"2h\",\"min_doc_count\":1,\"extended_bounds\":{}}},{\"id\":\"3\",\"type\":\"terms\",\"schema\":\"group\",\"params\":{\"field\":\"response\",\"size\":5,\"order\":\"desc\",\"orderBy\":\"1\"}}],\"listeners\":{},\"title\":\"Non 200 Response Code vs. Time\"}",
      "uiStateJSON": "{}",
      "description": "",
      "version": 1,
      "kibanaSavedObjectMeta": {
        "searchSourceJSON": "{\"index\":\"nginx_json_elastic_stack_example\",\"query\":{\"query_string\":{\"query\":\"*\",\"analyze_wildcard\":true}},\"filter\":[{\"meta\":{\"index\":\"nginx_json_elastic_stack_example\",\"key\":\"response\",\"value\":\"200\",\"disabled\":false,\"negate\":true,\"apply\":true},\"query\":{\"match\":{\"response\":{\"query\":200,\"type\":\"phrase\"}}}}]}"
      }
    }
  },
  {
    "_id": "Unique-Visits-by-City-json",
    "_type": "visualization",
    "_source": {
      "title": "Unique Visits by City",
      "visState": "{\"type\":\"table\",\"params\":{\"perPage\":10,\"showPartialRows\":false,\"showMeticsAtAllLevels\":false},\"aggs\":[{\"id\":\"1\",\"type\":\"cardinality\",\"schema\":\"metric\",\"params\":{\"field\":\"geoip.country_name\"}},{\"id\":\"2\",\"type\":\"terms\",\"schema\":\"bucket\",\"params\":{\"field\":\"geoip.city_name.raw\",\"size\":10,\"order\":\"desc\",\"orderBy\":\"1\"}}],\"listeners\":{},\"title\":\"Unique Visits by City\"}",
      "uiStateJSON": "{}",
      "description": "",
      "version": 1,
      "kibanaSavedObjectMeta": {
        "searchSourceJSON": "{\"index\":\"nginx_json_elastic_stack_example\",\"query\":{\"query_string\":{\"query\":\"*\",\"analyze_wildcard\":true}},\"filter\":[]}"
      }
    }
  },
  {
    "_id": "Unique-Visits-json",
    "_type": "visualization",
    "_source": {
      "title": "Unique Vists",
      "visState": "{\"type\":\"metric\",\"params\":{\"fontSize\":\"40\",\"spyPerPage\":10},\"aggs\":[{\"id\":\"2\",\"type\":\"cardinality\",\"schema\":\"metric\",\"params\":{\"field\":\"geoip.ip.raw\"}}],\"listeners\":{},\"title\":\"Unique Vists\"}",
      "uiStateJSON": "{}",
      "description": "",
      "version": 1,
      "kibanaSavedObjectMeta": {
        "searchSourceJSON": "{\"index\":\"nginx_json_elastic_stack_example\",\"query\":{\"query_string\":{\"query\":\"*\",\"analyze_wildcard\":true}},\"filter\":[]}"
      }
    }
  },
  {
    "_id": "Bytes-vs.-Time-json",
    "_type": "visualization",
    "_source": {
      "title": "Bytes vs. Time",
      "visState": "{\"type\":\"line\",\"params\":{\"shareYAxis\":true,\"addTooltip\":true,\"addLegend\":true,\"showCircles\":true,\"smoothLines\":false,\"interpolate\":\"linear\",\"scale\":\"linear\",\"drawLinesBetweenPoints\":true,\"radiusRatio\":9,\"times\":[],\"addTimeMarker\":false,\"defaultYExtents\":false,\"setYExtents\":false,\"yAxis\":{}},\"aggs\":[{\"id\":\"1\",\"type\":\"sum\",\"schema\":\"metric\",\"params\":{\"field\":\"bytes\"}},{\"id\":\"2\",\"type\":\"date_histogram\",\"schema\":\"segment\",\"params\":{\"field\":\"@timestamp\",\"interval\":\"auto\",\"customInterval\":\"2h\",\"min_doc_count\":1,\"extended_bounds\":{}}}],\"listeners\":{},\"title\":\"Bytes vs. Time\"}",
      "uiStateJSON": "{}",
      "description": "",
      "version": 1,
      "kibanaSavedObjectMeta": {
        "searchSourceJSON": "{\"index\":\"nginx_json_elastic_stack_example\",\"query\":{\"query_string\":{\"query\":\"*\",\"analyze_wildcard\":true}},\"filter\":[]}"
      }
    }
  },
  {
    "_id": "Total-Requests-json",
    "_type": "visualization",
    "_source": {
      "title": "Total Visitors",
      "visState": "{\"type\":\"metric\",\"params\":{\"fontSize\":\"40\",\"spyPerPage\":10},\"aggs\":[{\"id\":\"2\",\"type\":\"count\",\"schema\":\"metric\",\"params\":{}}],\"listeners\":{},\"title\":\"Total Visitors\"}",
      "uiStateJSON": "{}",
      "description": "",
      "version": 1,
      "kibanaSavedObjectMeta": {
        "searchSourceJSON": "{\"index\":\"nginx_json_elastic_stack_example\",\"query\":{\"query_string\":{\"query\":\"*\",\"analyze_wildcard\":true}},\"filter\":[]}"
      }
    }
  },
  {
    "_id": "Total-Requests-by-City-json",
    "_type": "visualization",
    "_source": {
      "title": "Total Hits by City",
      "visState": "{\"type\":\"table\",\"params\":{\"perPage\":10,\"showMeticsAtAllLevels\":false,\"showPartialRows\":false},\"aggs\":[{\"id\":\"1\",\"type\":\"count\",\"schema\":\"metric\",\"params\":{}},{\"id\":\"2\",\"type\":\"terms\",\"schema\":\"bucket\",\"params\":{\"field\":\"geoip.city_name.raw\",\"size\":20,\"order\":\"desc\",\"orderBy\":\"1\"}}],\"listeners\":{},\"title\":\"Total Hits by City\"}",
      "uiStateJSON": "{}",
      "description": "",
      "version": 1,
      "kibanaSavedObjectMeta": {
        "searchSourceJSON": "{\"index\":\"nginx_json_elastic_stack_example\",\"query\":{\"query_string\":{\"analyze_wildcard\":true,\"query\":\"*\"}},\"filter\":[]}"
      }
    }
  },
  {
    "_id": "Traffic-by-Country-ampersand-OS",
    "_type": "visualization",
    "_source": {
      "title": "Traffic by Country & OS",
      "visState": "{\"title\":\"Traffic by Country & OS\",\"type\":\"pie\",\"params\":{\"shareYAxis\":true,\"addTooltip\":true,\"addLegend\":true,\"isDonut\":true,\"legendPosition\":\"right\"},\"aggs\":[{\"id\":\"1\",\"enabled\":true,\"type\":\"count\",\"schema\":\"metric\",\"params\":{}},{\"id\":\"3\",\"enabled\":true,\"type\":\"terms\",\"schema\":\"split\",\"params\":{\"field\":\"geoip.country_name.raw\",\"size\":5,\"order\":\"desc\",\"orderBy\":\"1\",\"row\":false}},{\"id\":\"2\",\"enabled\":true,\"type\":\"terms\",\"schema\":\"segment\",\"params\":{\"field\":\"user_agent.os.raw\",\"size\":5,\"order\":\"desc\",\"orderBy\":\"1\"}}],\"listeners\":{}}",
      "uiStateJSON": "{}",
      "description": "",
      "version": 1,
      "kibanaSavedObjectMeta": {
        "searchSourceJSON": "{\"index\":\"nginx_json_elastic_stack_example\",\"query\":{\"query_string\":{\"query\":\"*\",\"analyze_wildcard\":true}},\"filter\":[{\"meta\":{\"index\":\"nginx_json_elastic_stack_example\",\"key\":\"user_agent.os\",\"value\":\"Other\",\"disabled\":false,\"negate\":true,\"apply\":true,\"alias\":null},\"query\":{\"match\":{\"user_agent.os\":{\"query\":\"Other\",\"type\":\"phrase\"}}},\"$state\":{\"store\":\"appState\"}}]}"
      }
    }
  }
]