{
    "_id": "Sample-Dashboard-for-Nginx-(JSON)-Logs",
    "_type": "dashboard",
    "_source": {
        "title": "Sample Dashboard for Nginx (JSON) Logs",
        "hits": 0,
        "description": "",
        "panelsJSON": "[{\"col\":1,\"id\":\"Nginx-Dashboard-json\",\"panelIndex\":8,\"row\":1,\"size_x\":3,\"size_y\":4,\"type\":\"visualization\"},{\"col\":4,\"id\":\"Traffic-vs.-Location-json\",\"panelIndex\":2,\"row\":1,\"size_x\":9,\"size_y\":4,\"type\":\"visualization\"},{\"col\":1,\"id\":\"Unique-Visits-json\",\"panelIndex\":3,\"row\":5,\"size_x\":3,\"size_y\":2,\"type\":\"visualization\"},{\"col\":4,\"id\":\"Total-Requests-by-City-json\",\"panelIndex\":5,\"row\":5,\"size_x\":3,\"size_y\":4,\"type\":\"visualization\"},{\"col\":7,\"id\":\"Traffic-by-Country-ampersand-OS\",\"panelIndex\":9,\"row\":5,\"size_x\":6,\"size_y\":4,\"type\":\"visualization\"},{\"col\":1,\"id\":\"Total-Requests-json\",\"panelIndex\":6,\"row\":7,\"size_x\":3,\"size_y\":2,\"type\":\"visualization\"},{\"col\":1,\"id\":\"Bytes-vs.-Time-json\",\"panelIndex\":7,\"row\":9,\"size_x\":12,\"size_y\":4,\"type\":\"visualization\"},{\"col\":1,\"id\":\"Non-200-Response-Code-vs.-Time-json\",\"panelIndex\":4,\"row\":13,\"size_x\":12,\"size_y\":4,\"type\":\"visualization\"}]",
        "optionsJSON": "{\"darkTheme\":false}",
        "uiStateJSON": "{\"P-5\":{\"vis\":{\"params\":{\"sort\":{\"columnIndex\":null,\"direction\":null}}}},\"P-2\":{\"mapCenter\":[36.03133177633187,-3.955078125],\"mapZoom\":3}}",
        "version": 1,
        "timeRestore": true,
        "timeTo": "2015-06-10T19:10:56.990Z",
        "timeFrom": "2015-05-10T19:10:56.990Z",
        "refreshInterval": {
            "display": "Off",
            "pause": false,
            "value": 0
        },
        "kibanaSavedObjectMeta": {
            "searchSourceJSON": "{\"filter\":[{\"meta\":{\"index\":\"nginx_json_elastic_stack_example\",\"key\":\"user_agent.os.raw\",\"value\":\"Debian\",\"disabled\":false,\"negate\":true,\"alias\":null,\"apply\":true},\"query\":{\"match\":{\"user_agent.os.raw\":{\"query\":\"Debian\",\"type\":\"phrase\"}}},\"$state\":{\"store\":\"appState\"}},{\"query\":{\"query_string\":{\"analyze_wildcard\":true,\"query\":\"*\"}}}]}"
        }
    }
}
