{
  "visState": "{\"type\":\"histogram\",\"params\":{\"shareYAxis\":true,\"addTooltip\":true,\"addLegend\":true,\"scale\":\"linear\",\"mode\":\"stacked\",\"times\":[],\"addTimeMarker\":false,\"defaultYExtents\":false,\"setYExtents\":false,\"yAxis\":{}},\"aggs\":[{\"id\":\"1\",\"type\":\"count\",\"schema\":\"metric\",\"params\":{}},{\"id\":\"2\",\"type\":\"date_histogram\",\"schema\":\"segment\",\"params\":{\"field\":\"@timestamp\",\"interval\":\"d\",\"customInterval\":\"2h\",\"min_doc_count\":1,\"extended_bounds\":{}}},{\"id\":\"3\",\"type\":\"terms\",\"schema\":\"group\",\"params\":{\"field\":\"response\",\"size\":5,\"order\":\"desc\",\"orderBy\":\"1\"}}],\"listeners\":{},\"title\":\"Non 200 Response Code vs. Time\"}", 
  "description": "", 
  "title": "Non 200 Response Code vs. Time", 
  "uiStateJSON": "{}", 
  "version": 1, 
  "kibanaSavedObjectMeta": {
    "searchSourceJSON": "{\"index\":\"nginx_json_elastic_stack_example\",\"query\":{\"query_string\":{\"query\":\"*\",\"analyze_wildcard\":true}},\"filter\":[{\"meta\":{\"index\":\"nginx_json_elastic_stack_example\",\"key\":\"response\",\"value\":\"200\",\"disabled\":false,\"negate\":true,\"apply\":true},\"query\":{\"match\":{\"response\":{\"query\":200,\"type\":\"phrase\"}}}}]}"
  }
}