{
  "visState": "{\"type\":\"metric\",\"params\":{\"fontSize\":\"40\",\"spyPerPage\":10},\"aggs\":[{\"id\":\"2\",\"type\":\"cardinality\",\"schema\":\"metric\",\"params\":{\"field\":\"geoip.ip.raw\"}}],\"listeners\":{},\"title\":\"Unique Vists\"}", 
  "description": "", 
  "title": "Unique Vists", 
  "uiStateJSON": "{}", 
  "version": 1, 
  "kibanaSavedObjectMeta": {
    "searchSourceJSON": "{\"index\":\"nginx_json_elastic_stack_example\",\"query\":{\"query_string\":{\"query\":\"*\",\"analyze_wildcard\":true}},\"filter\":[]}"
  }
}